<?xml version="1.0" encoding="utf-8"?>
<extension type="module" version="3.0" client="site" method="install">
	<name>MY_RSS_MODULE</name>
	<author>Ravil</author>
	<creationDate>18.11.2015</creationDate>
	<copyright>Copyright (C) 2005 - 2015 Open Source Matters. All rights reserved.</copyright>
	<license>GNU General Public License version 2 or later; see LICENSE.txt</license>
	<authorEmail>foragetonly800@mail.ru</authorEmail>
	<authorUrl>http://ravil.zzz.com.ua/</authorUrl>
	<version>1.0.0</version>
	<description>MOD_MY_RSS_MODULE_DESCRIPTION</description>
	
	<files>
		<filename module="mod_my_rss_module">mod_my_rss_module.php</filename>
		<filename>mod_my_rss_module.xml</filename>
		<filename>helper.php</filename>
		<filename>index.html</filename>
		<folder>js</folder>
		<folder>css</folder>
		<folder>tmpl</folder>
	</files>
	
	<languages folder="language">
		<language tag="ru-RU">ru-RU/ru-RU.mod_my_rss_module.ini</language>
		<language tag="ru-RU">ru-RU/ru-RU.mod_my_rss_module.sys.ini</language>
		<language tag="en-GB">en-GB/en-GB.mod_my_rss_module.ini</language>
		<language tag="en-GB">en-GB/en-GB.mod_my_rss_module.sys.ini</language>
	</languages>
	
	<config>
		<fields name="params">
			<fieldset name="basic">
				<field
					name="channels"
					type="textarea"
					cols="50"
					rows="5"
					default="Мир=http://news.yandex.ru/world.rss,
Авто=http://news.yandex.ru/auto.rss,
Главные новости=http://news.yandex.ru/index.rss,
Безопасность=http://news.yandex.ru/security.rss,
Hardware=http://news.yandex.ru/hardware.rss,
Автоспорт=http://news.yandex.ru/auto_racing.rss,
Баскетбол=http://news.yandex.ru/basketball.rss,
Выставки=http://news.yandex.ru/galleries.rss,
Единоборства=http://news.yandex.ru/martial_arts.rss,
ЖКХ=http://news.yandex.ru/communal.rss,
Игры=http://news.yandex.ru/games.rss,
Интернет=http://news.yandex.ru/internet.rss,
Кино=http://news.yandex.ru/movies.rss,
Криминал=http://news.yandex.ru/crime.rss,
Культура=http://news.yandex.ru/culture.rss,
Металлургия=http://news.yandex.ru/metallurgy.rss,
Мода=http://news.yandex.ru/fashion.rss,
Музыка=http://news.yandex.ru/music.rss,
Наука=http://news.yandex.ru/science.rss,
Недвижимость=http://news.yandex.ru/realty.rss,
Общество=http://news.yandex.ru/society.rss,
Пожары=http://news.yandex.ru/fire.rss,
Политика=http://news.yandex.ru/politics.rss,
Право=http://news.yandex.ru/law.rss,
Происшествия=http://news.yandex.ru/incident.rss,
Религия=http://news.yandex.ru/religion.rss,
Софт=http://news.yandex.ru/software.rss,
Спорт=http://news.yandex.ru/sport.rss,
Страхование=http://news.yandex.ru/insurance.rss,
Театры=http://news.yandex.ru/theaters.rss,
Теннис=http://news.yandex.ru/tennis.rss,
Технологии=http://news.yandex.ru/computers.rss,
Транспорт=http://news.yandex.ru/transport.rss,
Финансы=http://news.yandex.ru/finances.rss,
Футбол=http://news.yandex.ru/football.rss,
Хоккей=http://news.yandex.ru/hockey.rss,
Шоу-бизнес=http://news.yandex.ru/showbusiness.rss,
Экология=http://news.yandex.ru/ecology.rss,
Экономика=http://news.yandex.ru/business.rss,
Энергетика=http://news.yandex.ru/energy.rss,
Абхазия=http://news.yandex.ru/Abkhasia/index.rss,
Австрия=http://news.yandex.ru/Austria/index.rss,
Азербайджан=http://news.yandex.ru/Azerbaijan/index.rss,
Албания=http://news.yandex.ru/Azerbaijan/index.rss,
Албания=http://news.yandex.ru/Albania/index.rss,
Андорра=http://news.yandex.ru/Andorra/index.rss,
Армения=http://news.yandex.ru/Armenia/index.rss,
Беларусь=http://news.yandex.ru/Belarus/index.rss,
Бельгия=http://news.yandex.ru/Belgium/index.rss,
Болгария=http://news.yandex.ru/Bolgaria/index.rss,
Босния и Герцеговина=http://news.yandex.ru/BosniaHercegovina/index.rss,
Ватикан=http://news.yandex.ru/Vatican/index.rss,
Великобритания=http://news.yandex.ru/GreatBritain/index.rss,
Венгрия=http://news.yandex.ru/Hungary/index.rss,
Германия=http://news.yandex.ru/Germany/index.rss,
Гибралтар=http://news.yandex.ru/Gibraltar/index.rss,
Греция=http://news.yandex.ru/Greece/index.rss,
Грузия=http://news.yandex.ru/Georgia/index.rss,
Дания=http://news.yandex.ru/Denmark/index.rss,
Израиль=http://news.yandex.ru/Israel/index.rss,
Ирландия=http://news.yandex.ru/Ireland/index.rss,
Исландия=http://news.yandex.ru/Iceland/index.rss,
Испания=http://news.yandex.ru/Spain/index.rss,
Италия=http://news.yandex.ru/Kazakhstan/index.rss,
Канада=http://news.yandex.ru/Canada/index.rss,
Кипр=http://news.yandex.ru/Cyprus/index.rss,
Киргизия=http://news.yandex.ru/Kirghizia/index.rss,
Китай=http://news.yandex.ru/China/index.rss,
Латвия=http://news.yandex.ru/Latvia/index.rss,
Литва=http://news.yandex.ru/Lithuania/index.rss,
Лихтенштейн=http://news.yandex.ru/Liechtenstein/index.rss,
Люксембург=http://news.yandex.ru/Luxembourg/index.rss,
Македония=http://news.yandex.ru/Malta/index.rss,
Молдова=http://news.yandex.ru/Moldova/index.rss,
Монако=http://news.yandex.ru/Monaco/index.rss,
Нидерланды=http://news.yandex.ru/Netherlands/index.rss,
Норвегия=http://news.yandex.ru/Norway/index.rss,
Польша=http://news.yandex.ru/Poland/index.rss,
Португалия=http://news.yandex.ru/Portugal/index.rss,
Румыния=http://news.yandex.ru/Romania/index.rss,
Сан-Марино=http://news.yandex.ru/SanMarino/index.rss,
Сербия=http://news.yandex.ru/Serbia/index.rss,
Словакия=http://news.yandex.ru/Slovakia/index.rss,
Словения=http://news.yandex.ru/Slovenia/index.rss,
США=http://news.yandex.ru/USA/index.rss,
Таджикистан=http://news.yandex.ru/Tadjikistan/index.rss,
Туркмения=http://news.yandex.ru/Turkmenistan/index.rss,
Турция=http://news.yandex.ru/Turkey/index.rss,
Узбекистан=http://news.yandex.ru/Uzbekistan/index.rss,
Финляндия=http://news.yandex.ru/Finland/index.rss,
Франция=http://news.yandex.ru/France/index.rss,
Хорватия=http://news.yandex.ru/Croatia/index.rss,
Черногория=http://news.yandex.ru/Montenegro/index.rss,
Чехия=http://news.yandex.ru/Czech/index.rss,
Швейцария=http://news.yandex.ru/Switzerland/index.rss,
Швеция=http://news.yandex.ru/Sweden/index.rss,
Эстония=http://news.yandex.ru/Estonia/index.rss,
Япония=http://news.yandex.ru/Japan/index.rss"
					label="MOD_MY_RSS_MODULE_CHANNELS_LABEL"
					description="MOD_MY_RSS_MODULE_CHANNELS_DESCRIPTION" />
					
				<field 
					name="list_num" 
					type="list" 
					default="3" 
					label="MOD_MY_RSS_MODULE_LIST_NUM_LABEL" 
					description="MOD_MY_RSS_MODULE_LIST_NUM_LABEL_DESCRIPTION">
					<option value="0">MOD_MY_RSS_MODULE_LIST_NUM_0</option>
					<option value="1">MOD_MY_RSS_MODULE_LIST_NUM_1</option>
					<option value="2">MOD_MY_RSS_MODULE_LIST_NUM_2</option>
					<option value="3">MOD_MY_RSS_MODULE_LIST_NUM_3</option>
				</field>
				
				<field
					name="top_list_pos" 
					type="radio"
					class="btn-group btn-group-yesno"
					default="0" 
					label="MOD_MY_RSS_MODULE_TOP_LIST_POS_LABEL"
					description="MOD_MY_RSS_MODULE_TOP_LIST_POS_DESCRIPTION" >
					<option value="0">MOD_MY_RSS_MODULE_TOP_LIST_POS_LEFT</option>
					<option value="1">MOD_MY_RSS_MODULE_TOP_LIST_POS_RIGHT</option>
				</field>
				
				<field
					name="bottom_list_pos" 
					type="radio"
					class="btn-group btn-group-yesno"
					default="0"
					label="MOD_MY_RSS_MODULE_BOTTOM_LIST_POS_LABEL"
					description="MOD_MY_RSS_MODULE_BOTTOM_LIST_POS_DESCRIPTION" >
					<option value="0">MOD_MY_RSS_MODULE_BOTTOM_LIST_POS_LEFT</option>
					<option value="1">MOD_MY_RSS_MODULE_BOTTOM_LIST_POS_RIGHT</option>
				</field>
			</fieldset>
			
			<!--field type="spacer" br="true" /-->
			
			<fieldset name="advanced">
				<field
					name="moduleclass_sfx"
					type="text"
					default=""
					label="MOD_MY_RSS_MODULE_MODULECLASS_SFX_LABEL"
					description="MOD_MY_RSS_MODULE_MODULECLASS_SFX_DESCRIPTION" />
				<field
					name="layout"
					type="modulelayout"
					default=""
					label="MOD_MY_RSS_MODULE_LAYOUT_LABEL"
					description="MOD_MY_RSS_MODULE_LAYOUT_DESCRIPTION" />
				<field
					name="mod_width"
					type="text"
					default="600"
					label="MOD_MY_RSS_MODULE_MOD_WIDTH_LABEL"
					description="MOD_MY_RSS_MODULE_MOD_WIDTH_DESCRIPTION" />
			</fieldset>
		</fields>
	</config>
</extension>
